{
  "Headline": {
    "EffectiveDate": "2020-06-21T07:00:00+08:00",
    "EffectiveEpochDate": 1592694000,
    "Severity": 4,
    "Text": "Pleasant Sunday",
    "Category": "mild",
    "EndDate": null,
    "EndEpochDate": null,
    "MobileLink": "http://m.accuweather.com/en/au/perth/26797/extended-weather-forecast/26797?lang=en-us",
    "Link": "http://www.accuweather.com/en/au/perth/26797/daily-weather-forecast/26797?lang=en-us"
  },
  "DailyForecasts": [
    {
      "Date": "2020-06-19T07:00:00+08:00",
      "EpochDate": 1592521200,
      "Sun": {
        "Rise": "2020-06-19T07:16:00+08:00",
        "EpochRise": 1592522160,
        "Set": "2020-06-19T17:20:00+08:00",
        "EpochSet": 1592558400
      },
      "Moon": {
        "Rise": "2020-06-19T05:07:00+08:00",
        "EpochRise": 1592514420,
        "Set": "2020-06-19T15:50:00+08:00",
        "EpochSet": 1592553000,
        "Phase": "WaningCrescent",
        "Age": 28
      },
      "Temperature": {
        "Minimum": {
          "Value": 47,
          "Unit": "F",
          "UnitType": 18
        },
        "Maximum": {
          "Value": 64,
          "Unit": "F",
          "UnitType": 18
        }
      },
      "RealFeelTemperature": {
        "Minimum": {
          "Value": 42,
          "Unit": "F",
          "UnitType": 18
        },
        "Maximum": {
          "Value": 68,
          "Unit": "F",
          "UnitType": 18
        }
      },
      "RealFeelTemperatureShade": {
        "Minimum": {
          "Value": 42,
          "Unit": "F",
          "UnitType": 18
        },
        "Maximum": {
          "Value": 64,
          "Unit": "F",
          "UnitType": 18
        }
      },
      "HoursOfSun": 7.2,
      "DegreeDaySummary": {
        "Heating": {
          "Value": 9,
          "Unit": "F",
          "UnitType": 18
        },
        "Cooling": {
          "Value": 0,
          "Unit": "F",
          "UnitType": 18
        }
      },
      "AirAndPollen": [
        {
          "Name": "AirQuality",
          "Value": 12,
          "Category": "Good",
          "CategoryValue": 1,
          "Type": "Ozone"
        },
        {
          "Name": "Grass",
          "Value": 0,
          "Category": "Low",
          "CategoryValue": 1
        },
        {
          "Name": "Mold",
          "Value": 0,
          "Category": "Low",
          "CategoryValue": 1
        },
        {
          "Name": "Ragweed",
          "Value": 0,
          "Category": "Low",
          "CategoryValue": 1
        },
        {
          "Name": "Tree",
          "Value": 0,
          "Category": "Low",
          "CategoryValue": 1
        },
        {
          "Name": "UVIndex",
          "Value": 3,
          "Category": "Moderate",
          "CategoryValue": 2
        }
      ],
      "Day": {
        "Icon": 3,
        "IconPhrase": "Partly sunny",
        "HasPrecipitation": false,
        "ShortPhrase": "Sun, some clouds",
        "LongPhrase": "Sunshine mixing with some clouds",
        "PrecipitationProbability": 1,
        "ThunderstormProbability": 0,
        "RainProbability": 1,
        "SnowProbability": 0,
        "IceProbability": 0,
        "Wind": {
          "Speed": {
            "Value": 5.8,
            "Unit": "mi/h",
            "UnitType": 9
          },
          "Direction": {
            "Degrees": 103,
            "Localized": "ESE",
            "English": "ESE"
          }
        },
        "WindGust": {
          "Speed": {
            "Value": 12.7,
            "Unit": "mi/h",
            "UnitType": 9
          },
          "Direction": {
            "Degrees": 60,
            "Localized": "ENE",
            "English": "ENE"
          }
        },
        "TotalLiquid": {
          "Value": 0,
          "Unit": "in",
          "UnitType": 1
        },
        "Rain": {
          "Value": 0,
          "Unit": "in",
          "UnitType": 1
        },
        "Snow": {
          "Value": 0,
          "Unit": "in",
          "UnitType": 1
        },
        "Ice": {
          "Value": 0,
          "Unit": "in",
          "UnitType": 1
        },
        "HoursOfPrecipitation": 0,
        "HoursOfRain": 0,
        "HoursOfSnow": 0,
        "HoursOfIce": 0,
        "CloudCover": 27
      },
      "Night": {
        "Icon": 33,
        "IconPhrase": "Clear",
        "HasPrecipitation": false,
        "ShortPhrase": "Clear",
        "LongPhrase": "Clear",
        "PrecipitationProbability": 0,
        "ThunderstormProbability": 0,
        "RainProbability": 0,
        "SnowProbability": 0,
        "IceProbability": 0,
        "Wind": {
          "Speed": {
            "Value": 6.9,
            "Unit": "mi/h",
            "UnitType": 9
          },
          "Direction": {
            "Degrees": 90,
            "Localized": "E",
            "English": "E"
          }
        },
        "WindGust": {
          "Speed": {
            "Value": 12.7,
            "Unit": "mi/h",
            "UnitType": 9
          },
          "Direction": {
            "Degrees": 76,
            "Localized": "ENE",
            "English": "ENE"
          }
        },
        "TotalLiquid": {
          "Value": 0,
          "Unit": "in",
          "UnitType": 1
        },
        "Rain": {
          "Value": 0,
          "Unit": "in",
          "UnitType": 1
        },
        "Snow": {
          "Value": 0,
          "Unit": "in",
          "UnitType": 1
        },
        "Ice": {
          "Value": 0,
          "Unit": "in",
          "UnitType": 1
        },
        "HoursOfPrecipitation": 0,
        "HoursOfRain": 0,
        "HoursOfSnow": 0,
        "HoursOfIce": 0,
        "CloudCover": 6
      },
      "Sources": [
        "AccuWeather"
      ],
      "MobileLink": "http://m.accuweather.com/en/au/perth/26797/daily-weather-forecast/26797?day=1&lang=en-us",
      "Link": "http://www.accuweather.com/en/au/perth/26797/daily-weather-forecast/26797?day=1&lang=en-us"
    },
    {
      "Date": "2020-06-20T07:00:00+08:00",
      "EpochDate": 1592607600,
      "Sun": {
        "Rise": "2020-06-20T07:16:00+08:00",
        "EpochRise": 1592608560,
        "Set": "2020-06-20T17:20:00+08:00",
        "EpochSet": 1592644800
      },
      "Moon": {
        "Rise": "2020-06-20T06:05:00+08:00",
        "EpochRise": 1592604300,
        "Set": "2020-06-20T16:32:00+08:00",
        "EpochSet": 1592641920,
        "Phase": "WaningCrescent",
        "Age": 29
      },
      "Temperature": {
        "Minimum": {
          "Value": 51,
          "Unit": "F",
          "UnitType": 18
        },
        "Maximum": {
          "Value": 67,
          "Unit": "F",
          "UnitType": 18
        }
      },
      "RealFeelTemperature": {
        "Minimum": {
          "Value": 48,
          "Unit": "F",
          "UnitType": 18
        },
        "Maximum": {
          "Value": 66,
          "Unit": "F",
          "UnitType": 18
        }
      },
      "RealFeelTemperatureShade": {
        "Minimum": {
          "Value": 48,
          "Unit": "F",
          "UnitType": 18
        },
        "Maximum": {
          "Value": 64,
          "Unit": "F",
          "UnitType": 18
        }
      },
      "HoursOfSun": 10,
      "DegreeDaySummary": {
        "Heating": {
          "Value": 6,
          "Unit": "F",
          "UnitType": 18
        },
        "Cooling": {
          "Value": 0,
          "Unit": "F",
          "UnitType": 18
        }
      },
      "AirAndPollen": [
        {
          "Name": "AirQuality",
          "Value": 16,
          "Category": "Good",
          "CategoryValue": 1,
          "Type": "Ozone"
        },
        {
          "Name": "Grass",
          "Value": 0,
          "Category": "Low",
          "CategoryValue": 1
        },
        {
          "Name": "Mold",
          "Value": 0,
          "Category": "Low",
          "CategoryValue": 1
        },
        {
          "Name": "Ragweed",
          "Value": 0,
          "Category": "Low",
          "CategoryValue": 1
        },
        {
          "Name": "Tree",
          "Value": 0,
          "Category": "Low",
          "CategoryValue": 1
        },
        {
          "Name": "UVIndex",
          "Value": 3,
          "Category": "Moderate",
          "CategoryValue": 2
        }
      ],
      "Day": {
        "Icon": 1,
        "IconPhrase": "Sunny",
        "HasPrecipitation": false,
        "ShortPhrase": "Plenty of sunshine",
        "LongPhrase": "Plenty of sunshine",
        "PrecipitationProbability": 0,
        "ThunderstormProbability": 0,
        "RainProbability": 0,
        "SnowProbability": 0,
        "IceProbability": 0,
        "Wind": {
          "Speed": {
            "Value": 10.4,
            "Unit": "mi/h",
            "UnitType": 9
          },
          "Direction": {
            "Degrees": 60,
            "Localized": "ENE",
            "English": "ENE"
          }
        },
        "WindGust": {
          "Speed": {
            "Value": 16.1,
            "Unit": "mi/h",
            "UnitType": 9
          },
          "Direction": {
            "Degrees": 56,
            "Localized": "NE",
            "English": "NE"
          }
        },
        "TotalLiquid": {
          "Value": 0,
          "Unit": "in",
          "UnitType": 1
        },
        "Rain": {
          "Value": 0,
          "Unit": "in",
          "UnitType": 1
        },
        "Snow": {
          "Value": 0,
          "Unit": "in",
          "UnitType": 1
        },
        "Ice": {
          "Value": 0,
          "Unit": "in",
          "UnitType": 1
        },
        "HoursOfPrecipitation": 0,
        "HoursOfRain": 0,
        "HoursOfSnow": 0,
        "HoursOfIce": 0,
        "CloudCover": 0
      },
      "Night": {
        "Icon": 33,
        "IconPhrase": "Clear",
        "HasPrecipitation": false,
        "ShortPhrase": "Clear",
        "LongPhrase": "Clear",
        "PrecipitationProbability": 1,
        "ThunderstormProbability": 0,
        "RainProbability": 1,
        "SnowProbability": 0,
        "IceProbability": 0,
        "Wind": {
          "Speed": {
            "Value": 8.1,
            "Unit": "mi/h",
            "UnitType": 9
          },
          "Direction": {
            "Degrees": 67,
            "Localized": "ENE",
            "English": "ENE"
          }
        },
        "WindGust": {
          "Speed": {
            "Value": 11.5,
            "Unit": "mi/h",
            "UnitType": 9
          },
          "Direction": {
            "Degrees": 68,
            "Localized": "ENE",
            "English": "ENE"
          }
        },
        "TotalLiquid": {
          "Value": 0,
          "Unit": "in",
          "UnitType": 1
        },
        "Rain": {
          "Value": 0,
          "Unit": "in",
          "UnitType": 1
        },
        "Snow": {
          "Value": 0,
          "Unit": "in",
          "UnitType": 1
        },
        "Ice": {
          "Value": 0,
          "Unit": "in",
          "UnitType": 1
        },
        "HoursOfPrecipitation": 0,
        "HoursOfRain": 0,
        "HoursOfSnow": 0,
        "HoursOfIce": 0,
        "CloudCover": 7
      },
      "Sources": [
        "AccuWeather"
      ],
      "MobileLink": "http://m.accuweather.com/en/au/perth/26797/daily-weather-forecast/26797?day=2&lang=en-us",
      "Link": "http://www.accuweather.com/en/au/perth/26797/daily-weather-forecast/26797?day=2&lang=en-us"
    },
    {
      "Date": "2020-06-21T07:00:00+08:00",
      "EpochDate": 1592694000,
      "Sun": {
        "Rise": "2020-06-21T07:17:00+08:00",
        "EpochRise": 1592695020,
        "Set": "2020-06-21T17:20:00+08:00",
        "EpochSet": 1592731200
      },
      "Moon": {
        "Rise": "2020-06-21T07:04:00+08:00",
        "EpochRise": 1592694240,
        "Set": "2020-06-21T17:20:00+08:00",
        "EpochSet": 1592731200,
        "Phase": "New",
        "Age": 0
      },
      "Temperature": {
        "Minimum": {
          "Value": 58,
          "Unit": "F",
          "UnitType": 18
        },
        "Maximum": {
          "Value": 72,
          "Unit": "F",
          "UnitType": 18
        }
      },
      "RealFeelTemperature": {
        "Minimum": {
          "Value": 55,
          "Unit": "F",
          "UnitType": 18
        },
        "Maximum": {
          "Value": 72,
          "Unit": "F",
          "UnitType": 18
        }
      },
      "RealFeelTemperatureShade": {
        "Minimum": {
          "Value": 55,
          "Unit": "F",
          "UnitType": 18
        },
        "Maximum": {
          "Value": 69,
          "Unit": "F",
          "UnitType": 18
        }
      },
      "HoursOfSun": 9.4,
      "DegreeDaySummary": {
        "Heating": {
          "Value": 0,
          "Unit": "F",
          "UnitType": 18
        },
        "Cooling": {
          "Value": 0,
          "Unit": "F",
          "UnitType": 18
        }
      },
      "AirAndPollen": [
        {
          "Name": "AirQuality",
          "Value": 14,
          "Category": "Good",
          "CategoryValue": 1,
          "Type": "Ozone"
        },
        {
          "Name": "Grass",
          "Value": 0,
          "Category": "Low",
          "CategoryValue": 1
        },
        {
          "Name": "Mold",
          "Value": 0,
          "Category": "Low",
          "CategoryValue": 1
        },
        {
          "Name": "Ragweed",
          "Value": 0,
          "Category": "Low",
          "CategoryValue": 1
        },
        {
          "Name": "Tree",
          "Value": 0,
          "Category": "Low",
          "CategoryValue": 1
        },
        {
          "Name": "UVIndex",
          "Value": 3,
          "Category": "Moderate",
          "CategoryValue": 2
        }
      ],
      "Day": {
        "Icon": 1,
        "IconPhrase": "Sunny",
        "HasPrecipitation": false,
        "ShortPhrase": "Pleasant with sunshine",
        "LongPhrase": "Pleasant with sunshine",
        "PrecipitationProbability": 1,
        "ThunderstormProbability": 0,
        "RainProbability": 1,
        "SnowProbability": 0,
        "IceProbability": 0,
        "Wind": {
          "Speed": {
            "Value": 9.2,
            "Unit": "mi/h",
            "UnitType": 9
          },
          "Direction": {
            "Degrees": 49,
            "Localized": "NE",
            "English": "NE"
          }
        },
        "WindGust": {
          "Speed": {
            "Value": 13.8,
            "Unit": "mi/h",
            "UnitType": 9
          },
          "Direction": {
            "Degrees": 45,
            "Localized": "NE",
            "English": "NE"
          }
        },
        "TotalLiquid": {
          "Value": 0,
          "Unit": "in",
          "UnitType": 1
        },
        "Rain": {
          "Value": 0,
          "Unit": "in",
          "UnitType": 1
        },
        "Snow": {
          "Value": 0,
          "Unit": "in",
          "UnitType": 1
        },
        "Ice": {
          "Value": 0,
          "Unit": "in",
          "UnitType": 1
        },
        "HoursOfPrecipitation": 0,
        "HoursOfRain": 0,
        "HoursOfSnow": 0,
        "HoursOfIce": 0,
        "CloudCover": 5
      },
      "Night": {
        "Icon": 34,
        "IconPhrase": "Mostly clear",
        "HasPrecipitation": false,
        "ShortPhrase": "Mainly clear",
        "LongPhrase": "Mainly clear",
        "PrecipitationProbability": 1,
        "ThunderstormProbability": 0,
        "RainProbability": 1,
        "SnowProbability": 0,
        "IceProbability": 0,
        "Wind": {
          "Speed": {
            "Value": 11.5,
            "Unit": "mi/h",
            "UnitType": 9
          },
          "Direction": {
            "Degrees": 42,
            "Localized": "NE",
            "English": "NE"
          }
        },
        "WindGust": {
          "Speed": {
            "Value": 17.3,
            "Unit": "mi/h",
            "UnitType": 9
          },
          "Direction": {
            "Degrees": 35,
            "Localized": "NE",
            "English": "NE"
          }
        },
        "TotalLiquid": {
          "Value": 0,
          "Unit": "in",
          "UnitType": 1
        },
        "Rain": {
          "Value": 0,
          "Unit": "in",
          "UnitType": 1
        },
        "Snow": {
          "Value": 0,
          "Unit": "in",
          "UnitType": 1
        },
        "Ice": {
          "Value": 0,
          "Unit": "in",
          "UnitType": 1
        },
        "HoursOfPrecipitation": 0,
        "HoursOfRain": 0,
        "HoursOfSnow": 0,
        "HoursOfIce": 0,
        "CloudCover": 11
      },
      "Sources": [
        "AccuWeather"
      ],
      "MobileLink": "http://m.accuweather.com/en/au/perth/26797/daily-weather-forecast/26797?day=3&lang=en-us",
      "Link": "http://www.accuweather.com/en/au/perth/26797/daily-weather-forecast/26797?day=3&lang=en-us"
    },
    {
      "Date": "2020-06-22T07:00:00+08:00",
      "EpochDate": 1592780400,
      "Sun": {
        "Rise": "2020-06-22T07:17:00+08:00",
        "EpochRise": 1592781420,
        "Set": "2020-06-22T17:20:00+08:00",
        "EpochSet": 1592817600
      },
      "Moon": {
        "Rise": "2020-06-22T08:02:00+08:00",
        "EpochRise": 1592784120,
        "Set": "2020-06-22T18:14:00+08:00",
        "EpochSet": 1592820840,
        "Phase": "WaxingCrescent",
        "Age": 1
      },
      "Temperature": {
        "Minimum": {
          "Value": 58,
          "Unit": "F",
          "UnitType": 18
        },
        "Maximum": {
          "Value": 72,
          "Unit": "F",
          "UnitType": 18
        }
      },
      "RealFeelTemperature": {
        "Minimum": {
          "Value": 54,
          "Unit": "F",
          "UnitType": 18
        },
        "Maximum": {
          "Value": 70,
          "Unit": "F",
          "UnitType": 18
        }
      },
      "RealFeelTemperatureShade": {
        "Minimum": {
          "Value": 54,
          "Unit": "F",
          "UnitType": 18
        },
        "Maximum": {
          "Value": 69,
          "Unit": "F",
          "UnitType": 18
        }
      },
      "HoursOfSun": 5.9,
      "DegreeDaySummary": {
        "Heating": {
          "Value": 0,
          "Unit": "F",
          "UnitType": 18
        },
        "Cooling": {
          "Value": 0,
          "Unit": "F",
          "UnitType": 18
        }
      },
      "AirAndPollen": [
        {
          "Name": "AirQuality",
          "Value": 25,
          "Category": "Good",
          "CategoryValue": 1,
          "Type": "Particle Pollution"
        },
        {
          "Name": "Grass",
          "Value": 0,
          "Category": "Low",
          "CategoryValue": 1
        },
        {
          "Name": "Mold",
          "Value": 0,
          "Category": "Low",
          "CategoryValue": 1
        },
        {
          "Name": "Ragweed",
          "Value": 0,
          "Category": "Low",
          "CategoryValue": 1
        },
        {
          "Name": "Tree",
          "Value": 0,
          "Category": "Low",
          "CategoryValue": 1
        },
        {
          "Name": "UVIndex",
          "Value": 3,
          "Category": "Moderate",
          "CategoryValue": 2
        }
      ],
      "Day": {
        "Icon": 13,
        "IconPhrase": "Mostly cloudy w/ showers",
        "HasPrecipitation": true,
        "PrecipitationType": "Rain",
        "PrecipitationIntensity": "Light",
        "ShortPhrase": "Increasing clouds, p.m. rain",
        "LongPhrase": "Increasing clouds and breezy; periods of rain late in the afternoon",
        "PrecipitationProbability": 63,
        "ThunderstormProbability": 6,
        "RainProbability": 63,
        "SnowProbability": 0,
        "IceProbability": 0,
        "Wind": {
          "Speed": {
            "Value": 13.8,
            "Unit": "mi/h",
            "UnitType": 9
          },
          "Direction": {
            "Degrees": 357,
            "Localized": "N",
            "English": "N"
          }
        },
        "WindGust": {
          "Speed": {
            "Value": 21.9,
            "Unit": "mi/h",
            "UnitType": 9
          },
          "Direction": {
            "Degrees": 332,
            "Localized": "NNW",
            "English": "NNW"
          }
        },
        "TotalLiquid": {
          "Value": 0.06,
          "Unit": "in",
          "UnitType": 1
        },
        "Rain": {
          "Value": 0.06,
          "Unit": "in",
          "UnitType": 1
        },
        "Snow": {
          "Value": 0,
          "Unit": "in",
          "UnitType": 1
        },
        "Ice": {
          "Value": 0,
          "Unit": "in",
          "UnitType": 1
        },
        "HoursOfPrecipitation": 1,
        "HoursOfRain": 1,
        "HoursOfSnow": 0,
        "HoursOfIce": 0,
        "CloudCover": 52
      },
      "Night": {
        "Icon": 40,
        "IconPhrase": "Mostly cloudy w/ showers",
        "HasPrecipitation": true,
        "PrecipitationType": "Rain",
        "PrecipitationIntensity": "Moderate",
        "ShortPhrase": "Early rain; clouds breaking",
        "LongPhrase": "Breezy in the evening with periods of rain; otherwise, clouds breaking",
        "PrecipitationProbability": 71,
        "ThunderstormProbability": 3,
        "RainProbability": 71,
        "SnowProbability": 0,
        "IceProbability": 0,
        "Wind": {
          "Speed": {
            "Value": 12.7,
            "Unit": "mi/h",
            "UnitType": 9
          },
          "Direction": {
            "Degrees": 283,
            "Localized": "WNW",
            "English": "WNW"
          }
        },
        "WindGust": {
          "Speed": {
            "Value": 20.7,
            "Unit": "mi/h",
            "UnitType": 9
          },
          "Direction": {
            "Degrees": 321,
            "Localized": "NW",
            "English": "NW"
          }
        },
        "TotalLiquid": {
          "Value": 0.27,
          "Unit": "in",
          "UnitType": 1
        },
        "Rain": {
          "Value": 0.27,
          "Unit": "in",
          "UnitType": 1
        },
        "Snow": {
          "Value": 0,
          "Unit": "in",
          "UnitType": 1
        },
        "Ice": {
          "Value": 0,
          "Unit": "in",
          "UnitType": 1
        },
        "HoursOfPrecipitation": 4,
        "HoursOfRain": 4,
        "HoursOfSnow": 0,
        "HoursOfIce": 0,
        "CloudCover": 60
      },
      "Sources": [
        "AccuWeather"
      ],
      "MobileLink": "http://m.accuweather.com/en/au/perth/26797/daily-weather-forecast/26797?day=4&lang=en-us",
      "Link": "http://www.accuweather.com/en/au/perth/26797/daily-weather-forecast/26797?day=4&lang=en-us"
    },
    {
      "Date": "2020-06-23T07:00:00+08:00",
      "EpochDate": 1592866800,
      "Sun": {
        "Rise": "2020-06-23T07:17:00+08:00",
        "EpochRise": 1592867820,
        "Set": "2020-06-23T17:21:00+08:00",
        "EpochSet": 1592904060
      },
      "Moon": {
        "Rise": "2020-06-23T08:57:00+08:00",
        "EpochRise": 1592873820,
        "Set": "2020-06-23T19:15:00+08:00",
        "EpochSet": 1592910900,
        "Phase": "WaxingCrescent",
        "Age": 2
      },
      "Temperature": {
        "Minimum": {
          "Value": 51,
          "Unit": "F",
          "UnitType": 18
        },
        "Maximum": {
          "Value": 66,
          "Unit": "F",
          "UnitType": 18
        }
      },
      "RealFeelTemperature": {
        "Minimum": {
          "Value": 49,
          "Unit": "F",
          "UnitType": 18
        },
        "Maximum": {
          "Value": 64,
          "Unit": "F",
          "UnitType": 18
        }
      },
      "RealFeelTemperatureShade": {
        "Minimum": {
          "Value": 49,
          "Unit": "F",
          "UnitType": 18
        },
        "Maximum": {
          "Value": 64,
          "Unit": "F",
          "UnitType": 18
        }
      },
      "HoursOfSun": 2.3,
      "DegreeDaySummary": {
        "Heating": {
          "Value": 7,
          "Unit": "F",
          "UnitType": 18
        },
        "Cooling": {
          "Value": 0,
          "Unit": "F",
          "UnitType": 18
        }
      },
      "AirAndPollen": [
        {
          "Name": "AirQuality",
          "Value": 26,
          "Category": "Good",
          "CategoryValue": 1,
          "Type": "Particle Pollution"
        },
        {
          "Name": "Grass",
          "Value": 0,
          "Category": "Low",
          "CategoryValue": 1
        },
        {
          "Name": "Mold",
          "Value": 0,
          "Category": "Low",
          "CategoryValue": 1
        },
        {
          "Name": "Ragweed",
          "Value": 0,
          "Category": "Low",
          "CategoryValue": 1
        },
        {
          "Name": "Tree",
          "Value": 0,
          "Category": "Low",
          "CategoryValue": 1
        },
        {
          "Name": "UVIndex",
          "Value": 1,
          "Category": "Low",
          "CategoryValue": 1
        }
      ],
      "Day": {
        "Icon": 6,
        "IconPhrase": "Mostly cloudy",
        "HasPrecipitation": true,
        "PrecipitationType": "Rain",
        "PrecipitationIntensity": "Light",
        "ShortPhrase": "A shower",
        "LongPhrase": "A shower; plenty of clouds in the morning, then times of clouds and sun in the afternoon",
        "PrecipitationProbability": 56,
        "ThunderstormProbability": 20,
        "RainProbability": 56,
        "SnowProbability": 0,
        "IceProbability": 0,
        "Wind": {
          "Speed": {
            "Value": 10.4,
            "Unit": "mi/h",
            "UnitType": 9
          },
          "Direction": {
            "Degrees": 248,
            "Localized": "WSW",
            "English": "WSW"
          }
        },
        "WindGust": {
          "Speed": {
            "Value": 15,
            "Unit": "mi/h",
            "UnitType": 9
          },
          "Direction": {
            "Degrees": 258,
            "Localized": "WSW",
            "English": "WSW"
          }
        },
        "TotalLiquid": {
          "Value": 0.08,
          "Unit": "in",
          "UnitType": 1
        },
        "Rain": {
          "Value": 0.08,
          "Unit": "in",
          "UnitType": 1
        },
        "Snow": {
          "Value": 0,
          "Unit": "in",
          "UnitType": 1
        },
        "Ice": {
          "Value": 0,
          "Unit": "in",
          "UnitType": 1
        },
        "HoursOfPrecipitation": 1.5,
        "HoursOfRain": 1.5,
        "HoursOfSnow": 0,
        "HoursOfIce": 0,
        "CloudCover": 78
      },
      "Night": {
        "Icon": 35,
        "IconPhrase": "Partly cloudy",
        "HasPrecipitation": true,
        "PrecipitationType": "Rain",
        "PrecipitationIntensity": "Light",
        "ShortPhrase": "Partly cloudy, a shower late",
        "LongPhrase": "Partly cloudy with a shower in spots late",
        "PrecipitationProbability": 46,
        "ThunderstormProbability": 20,
        "RainProbability": 46,
        "SnowProbability": 0,
        "IceProbability": 0,
        "Wind": {
          "Speed": {
            "Value": 4.6,
            "Unit": "mi/h",
            "UnitType": 9
          },
          "Direction": {
            "Degrees": 171,
            "Localized": "S",
            "English": "S"
          }
        },
        "WindGust": {
          "Speed": {
            "Value": 10.4,
            "Unit": "mi/h",
            "UnitType": 9
          },
          "Direction": {
            "Degrees": 228,
            "Localized": "SW",
            "English": "SW"
          }
        },
        "TotalLiquid": {
          "Value": 0.03,
          "Unit": "in",
          "UnitType": 1
        },
        "Rain": {
          "Value": 0.03,
          "Unit": "in",
          "UnitType": 1
        },
        "Snow": {
          "Value": 0,
          "Unit": "in",
          "UnitType": 1
        },
        "Ice": {
          "Value": 0,
          "Unit": "in",
          "UnitType": 1
        },
        "HoursOfPrecipitation": 0.5,
        "HoursOfRain": 0.5,
        "HoursOfSnow": 0,
        "HoursOfIce": 0,
        "CloudCover": 49
      },
      "Sources": [
        "AccuWeather"
      ],
      "MobileLink": "http://m.accuweather.com/en/au/perth/26797/daily-weather-forecast/26797?day=5&lang=en-us",
      "Link": "http://www.accuweather.com/en/au/perth/26797/daily-weather-forecast/26797?day=5&lang=en-us"
    }
  ]
}
